{
  "account_receivable_turnover": [
    8067.406,
    0.16295464181869856
  ],
  "accounts_payable_turnover": [
    13.6848,
    -0.07523263121616969
  ],
  "accounts_payable_turnover_days": [
    26.3066,
    0.08135682399269953
  ],
  "asset_liab_ratio": [  资产负债率
    32.9491,
    0.060940543847503796
  ],
  "avg_roe": [
    33.69,
    0.03153704837721988
  ],
  "basic_eps": [
    1.98,
    0.22222222222222213
  ],
  "capital_reserve": [
    0.4928,
    0.0
  ],
  "cash_cycle": [
    23.8361,
    0.19018040374888268
  ],
  "ctime": 1585139440000,
  "current_asset_turnover_rate": [
    1.0975,
    -0.11083205055497046
  ],
  "current_ratio": [
    2.5405,
    -0.011901520749873494
  ],
  "equity_multiplier": [
    1.4914,
    0.02819717338848684
  ],
  "equity_ratio": [
    0.4919,
    0.09092925260589926
  ],
  "fixed_asset_turnover_ratio": [
    5.5039,
    0.19470793809286055
  ],
  "gross_selling_rate": [  销售毛利率
    45.4423,
    -0.02205431369721801
  ],
  "holder_equity": [
    67.0509,
    -0.027451463879843662
  ],
  "inventory_turnover": [
    7.1859,
    -0.1156794939637455
  ],
  "inventory_turnover_days": [
    50.0981,
    0.13081114511949593
  ],
  "ncf_from_oa_to_total_liab": [
    0.8052,
    -0.1599374021909233
  ],
  "net_interest_of_total_assets": [
    23.8598,
    -0.003358367933434178
  ],
  "net_profit_after_nrgal_atsolc": [
    5083877209.23,
    0.23272729031470665
  ],
  "net_profit_atsopc": [
    5353185029.35,
    0.2264408567232615
  ],
  "net_profit_atsopc_yoy": [
    22.6441,
    -0.04045544688712981
  ],
  "net_selling_rate": [
    27.056,
    0.055460847380267894
  ],
  "np_atsopc_nrgal_yoy": [
    23.2727,
    0.0636614594283312
  ],
  "np_per_share": [
    6.1406,
    0.19508777392861307
  ],
  "operate_cash_flow_ps": [
    2.4321,
    0.0952938527358704
  ],
  "operating_cycle": [
    50.1427,
    0.13049349899785134
  ],
  "operating_income_yoy": [   营业收入同比增长
    16.2166,
    -0.034726190476190535
  ],
  "ore_dlt": [
    32.2832,
    0.026238325629891535
  ],
  "quick_ratio": [
    2.3095,
    0.4917323343237307
  ],
  "receivable_turnover_days": [
    0.0446,
    -0.14065510597302505
  ],
  "report_date": 1577721600000,
  "report_name": "2019年报",
  "rop": [
    501.2992,
    -0.053926466208720734
  ],
  "total_capital_turnover": [
    0.8819,
    -0.05568047970874819
  ],
  "total_revenue": [
    19796889800.07,
    0.16216611619715932
  ],
  "undistri_profit_ps": [
    4.141,
    0.3255441741357234
  ]
}